SEQ,LONG,LAT,LOCAL_ED,LOCALIZACA,REFERENCIA,DATA,MES,H_INICIO,H_FIM,DURACAO,DUR_H,id_estacao,codestacao,latitude,longitude,nome,id_municip,rede,tipoestaca,geocodigo,cidade,xcoord,ycoord
7.00000,-46.63881,-23.54941,PC DA BANDEIRA,PC DA BANDEIRA,AV VINTE E TRES DE MAIO-CENTROBAIRRO-SE,2019/01/01,1.00000,18:34:00,19:23:00,00:49:00,0.82000,3809,355030857A,-23.54100,-46.62900,Centro,2692,CEMADEN,Pluviométrica,3550308,SÃO PAULO,-46.62900,-23.54100
13.00000,-46.63858,-23.54891,PC DA BANDEIRA,PC DA BANDEIRA,ALTURA DO NUMERO 27-CENTROBAIRRO-SE,2019/01/03,1.00000,17:27:00,17:42:00,00:15:00,0.25000,3809,355030857A,-23.54100,-46.62900,Centro,2692,CEMADEN,Pluviométrica,3550308,SÃO PAULO,-46.62900,-23.54100
14.00000,-46.63824,-23.55033,AV VINTE E TRES DE MAIO,AV VINTE E TRES DE MAIO LIBERDADE,PC DA BANDEIRA-SANTANAAEROPORTO-SE,2019/01/03,1.00000,19:43:00,20:18:00,00:35:00,0.58000,3809,355030857A,-23.54100,-46.62900,Centro,2692,CEMADEN,Pluviométrica,3550308,SÃO PAULO,-46.62900,-23.54100
15.00000,-46.63483,-23.54211,TUN PAPA JOAO PAULO II,TN PAPA JOAO PAULO II REPUBLICA,AV PRESTES MAIA-SANTANAAEROPORTO-SE,2019/01/03,1.00000,19:52:00,20:04:00,00:12:00,0.20000,3809,355030857A,-23.54100,-46.62900,Centro,2692,CEMADEN,Pluviométrica,3550308,SÃO PAULO,-46.62900,-23.54100
22.00000,-46.62947,-23.54036,R DA CANTAREIRA,R DA CANTAREIRA,AV MERCURIO-BAIRROCENTRO-SE,2019/01/04,1.00000,14:45:00,15:03:00,00:18:00,0.30000,3809,355030857A,-23.54100,-46.62900,Centro,2692,CEMADEN,Pluviométrica,3550308,SÃO PAULO,-46.62900,-23.54100
28.00000,-46.62756,-23.53926,R PAULA SOUSA,R PAULA SOUSA,AV DO ESTADO-AMBOS - LOCAL-SE,2019/01/04,1.00000,15:04:00,15:53:00,00:49:00,0.82000,3809,355030857A,-23.54100,-46.62900,Centro,2692,CEMADEN,Pluviométrica,3550308,SÃO PAULO,-46.62900,-23.54100
32.00000,-46.62704,-23.54312,AV MERCURIO,AV MERCURIO,PC S VITO-UNICO-SE,2019/01/04,1.00000,15:56:00,17:56:00,02:00:00,2.00000,3809,355030857A,-23.54100,-46.62900,Centro,2692,CEMADEN,Pluviométrica,3550308,SÃO PAULO,-46.62900,-23.54100
33.00000,-46.63050,-23.53974,AV SEN QUEIROS,AV SEN QUEIROS,ALTURA DO NUMERO 587-UNICO-SE,2019/01/04,1.00000,17:52:00,19:30:00,01:38:00,1.63000,3809,355030857A,-23.54100,-46.62900,Centro,2692,CEMADEN,Pluviométrica,3550308,SÃO PAULO,-46.62900,-23.54100
41.00000,-46.63824,-23.55033,PC DA BANDEIRA,P├ç DA BANDEIRA,AV 23 DE MAIO-CENTROBAIRRO-SE,2019/01/08,1.00000,16:22:00,17:47:00,01:25:00,1.42000,3809,355030857A,-23.54100,-46.62900,Centro,2692,CEMADEN,Pluviométrica,3550308,SÃO PAULO,-46.62900,-23.54100
44.00000,-46.64246,-23.53650,AV RIO BRANCO,AV RIO BRANCO,AV DUQUE DE CAXIAS-BAIRROCENTRO-SE,2019/01/08,1.00000,17:09:00,17:57:00,00:48:00,0.80000,3809,355030857A,-23.54100,-46.62900,Centro,2692,CEMADEN,Pluviométrica,3550308,SÃO PAULO,-46.62900,-23.54100
81.00000,-46.63881,-23.54941,PC DA BANDEIRA,PC DA BANDEIRA,AV VINTE E TRES DE MAIO-CENTROBAIRRO-SE,2019/01/17,1.00000,18:41:00,19:27:00,00:46:00,0.77000,3809,355030857A,-23.54100,-46.62900,Centro,2692,CEMADEN,Pluviométrica,3550308,SÃO PAULO,-46.62900,-23.54100
82.00000,-46.64246,-23.53650,AV RIO BRANCO,AV RIO BRANCO,AV DUQUE DE CAXIAS-BAIRROCENTRO-SE,2019/01/17,1.00000,18:57:00,19:35:00,00:38:00,0.63000,3809,355030857A,-23.54100,-46.62900,Centro,2692,CEMADEN,Pluviométrica,3550308,SÃO PAULO,-46.62900,-23.54100
99.00000,-46.62877,-23.52407,R PAULINO GUIMARAES,R PAULINO GUIMAR├âES,R EDUARDO CHAVES-UNICO-SE,2019/01/22,1.00000,15:04:00,16:20:00,01:16:00,1.27000,3809,355030857A,-23.54100,-46.62900,Centro,2692,CEMADEN,Pluviométrica,3550308,SÃO PAULO,-46.62900,-23.54100
102.00000,-46.64035,-23.55135,R MARIA PAULA,R MARIA PAULA,R STO AMARO-UNICO-SE,2019/01/22,1.00000,15:42:00,16:57:00,01:15:00,1.25000,3809,355030857A,-23.54100,-46.62900,Centro,2692,CEMADEN,Pluviométrica,3550308,SÃO PAULO,-46.62900,-23.54100
103.00000,-46.62704,-23.54312,AV MERCURIO,AV MERCURIO,PC S VITO-UNICO-SE,2019/01/22,1.00000,15:56:00,18:55:00,02:59:00,2.98000,3809,355030857A,-23.54100,-46.62900,Centro,2692,CEMADEN,Pluviométrica,3550308,SÃO PAULO,-46.62900,-23.54100
115.00000,-46.64249,-23.53660,AV RIO BRANCO,AV RIO BRANCO,AV DUQ DE CAXIAS-BAIRROCENTRO-SE,2019/01/24,1.00000,16:04:00,16:43:00,00:39:00,0.65000,3809,355030857A,-23.54100,-46.62900,Centro,2692,CEMADEN,Pluviométrica,3550308,SÃO PAULO,-46.62900,-23.54100
118.00000,-46.63824,-23.55033,PC DA BANDEIRA,PC DA BANDEIRA,AV VINTE E TR├â┼áS DE MAIO-BAIRROCENTRO-SE,2019/01/24,1.00000,16:22:00,16:50:00,00:28:00,0.47000,3809,355030857A,-23.54100,-46.62900,Centro,2692,CEMADEN,Pluviométrica,3550308,SÃO PAULO,-46.62900,-23.54100
119.00000,-46.64046,-23.54909,AV NOVE DE JULHO,AV NOVE DE JULHO,PC DA BANDEIRA-AMBOS-SE,2019/01/24,1.00000,16:23:00,16:40:00,00:17:00,0.28000,3809,355030857A,-23.54100,-46.62900,Centro,2692,CEMADEN,Pluviométrica,3550308,SÃO PAULO,-46.62900,-23.54100
122.00000,-46.63891,-23.54981,PC DA BANDEIRA,PC DA BANDEIRA,ALTURA DO NUMERO 0-CENTROBAIRRO-SE,2019/01/24,1.00000,16:32:00,16:40:00,00:08:00,0.13000,3809,355030857A,-23.54100,-46.62900,Centro,2692,CEMADEN,Pluviométrica,3550308,SÃO PAULO,-46.62900,-23.54100
126.00000,-46.62906,-23.55824,R TEIXEIRA LEITE,R TEIXEIRA LEITE,VD DO GLICERIO-CENTROBAIRRO-SE,2019/01/24,1.00000,16:38:00,17:45:00,01:07:00,1.12000,3809,355030857A,-23.54100,-46.62900,Centro,2692,CEMADEN,Pluviométrica,3550308,SÃO PAULO,-46.62900,-23.54100
128.00000,-46.64115,-23.53824,AV RIO BRANCO,AV RIO BRANCO,R DOS GUSMOES-BAIRROCENTRO-SE,2019/01/24,1.00000,16:45:00,18:19:00,01:34:00,1.57000,3809,355030857A,-23.54100,-46.62900,Centro,2692,CEMADEN,Pluviométrica,3550308,SÃO PAULO,-46.62900,-23.54100
132.00000,-46.63078,-23.52465,AV SANTOS DUMONT,AV SANTOS DUMONT,AV DO ESTADO-AEROPORTOSANTANA-SE,2019/01/24,1.00000,16:52:00,18:28:00,01:36:00,1.60000,3809,355030857A,-23.54100,-46.62900,Centro,2692,CEMADEN,Pluviométrica,3550308,SÃO PAULO,-46.62900,-23.54100
133.00000,-46.62856,-23.55720,R TEIXEIRA LEITE,R TEIXEIRA LEITE,R S PAULO-CENTROBAIRRO-SE,2019/01/24,1.00000,17:06:00,17:42:00,00:36:00,0.60000,3809,355030857A,-23.54100,-46.62900,Centro,2692,CEMADEN,Pluviométrica,3550308,SÃO PAULO,-46.62900,-23.54100
136.00000,-46.62756,-23.54909,AV DO ESTADO,AV DO ESTADO,VD VINTE E CINCO DE MARCO-SANTANAIPIRANGA-SE,2019/01/25,1.00000,00:55:00,01:16:00,00:21:00,0.35000,3809,355030857A,-23.54100,-46.62900,Centro,2692,CEMADEN,Pluviométrica,3550308,SÃO PAULO,-46.62900,-23.54100
137.00000,-46.64497,-23.53303,AV RIO BRANCO,AV RIO BRANCO,AV RUDGE-BAIRROCENTRO-PI,2019/01/25,1.00000,17:01:00,20:22:00,03:21:00,3.35000,3809,355030857A,-23.54100,-46.62900,Centro,2692,CEMADEN,Pluviométrica,3550308,SÃO PAULO,-46.62900,-23.54100
148.00000,-46.62756,-23.54909,AV DO ESTADO,AV DO ESTADO,VD VINTE E CINCO DE MARCO-SANTANAIPIRANGA-SE,2019/01/25,1.00000,22:54:00,22:30:00,23:36:00,23.60000,3809,355030857A,-23.54100,-46.62900,Centro,2692,CEMADEN,Pluviométrica,3550308,SÃO PAULO,-46.62900,-23.54100
166.00000,-46.62947,-23.54036,R DA CANTAREIRA,R DA CANTAREIRA,AV MERCURIO-AMBOS-SE,2019/01/30,1.00000,16:59:00,18:00:00,01:01:00,1.02000,3809,355030857A,-23.54100,-46.62900,Centro,2692,CEMADEN,Pluviométrica,3550308,SÃO PAULO,-46.62900,-23.54100
175.00000,-46.64164,-23.53795,AV RIO BRANCO,AV RIO BRANCO,ALTURA DO NUMERO 621-BAIRROCENTRO-SE,2019/01/30,1.00000,17:16:00,18:41:00,01:25:00,1.42000,3809,355030857A,-23.54100,-46.62900,Centro,2692,CEMADEN,Pluviométrica,3550308,SÃO PAULO,-46.62900,-23.54100
179.00000,-46.64249,-23.53660,AV RIO BRANCO,AV RIO BRANCO,AV DUQ DE CAXIAS-AMBOS-SE,2019/01/30,1.00000,17:19:00,19:05:00,01:46:00,1.77000,3809,355030857A,-23.54100,-46.62900,Centro,2692,CEMADEN,Pluviométrica,3550308,SÃO PAULO,-46.62900,-23.54100
189.00000,-46.63638,-23.53978,AV IPIRANGA,AV IPIRANGA,AV CASPER LIBERO-CENTROBAIRRO-SE,2019/01/30,1.00000,18:14:00,18:54:00,00:40:00,0.67000,3809,355030857A,-23.54100,-46.62900,Centro,2692,CEMADEN,Pluviométrica,3550308,SÃO PAULO,-46.62900,-23.54100
208.00000,-46.63078,-23.52465,AV SANTOS DUMONT,AV SANTOS DUMONT,AV DO ESTADO-AEROPORTOSANTANA-SE,2019/02/04,2.00000,03:53:00,09:50:00,05:57:00,5.95000,3809,355030857A,-23.54100,-46.62900,Centro,2692,CEMADEN,Pluviométrica,3550308,SÃO PAULO,-46.62900,-23.54100
228.00000,-46.63036,-23.52401,AV SANTOS DUMONT,AV SANTOS DUMONT,ALTURA DO NUMERO 536-AEROPORTOSANTANA-SE,2019/02/04,2.00000,07:47:00,07:22:00,23:35:00,23.58000,3809,355030857A,-23.54100,-46.62900,Centro,2692,CEMADEN,Pluviométrica,3550308,SÃO PAULO,-46.62900,-23.54100
230.00000,-46.64168,-23.53753,AV RIO BRANCO,AV RIO BRANCO,R GAL OSORIO-BAIRROCENTRO-SE,2019/02/04,2.00000,08:08:00,13:30:00,05:22:00,5.37000,3809,355030857A,-23.54100,-46.62900,Centro,2692,CEMADEN,Pluviométrica,3550308,SÃO PAULO,-46.62900,-23.54100
232.00000,-46.61156,-23.54003,AV CELSO GARCIA,AV CELSO GARCIA,R JOSE DE ALENCAR-CENTROBAIRRO - UNICA-MO,2019/02/06,2.00000,07:42:00,09:38:00,01:56:00,1.93000,3809,355030857A,-23.54100,-46.62900,Centro,2692,CEMADEN,Pluviométrica,3550308,SÃO PAULO,-46.62900,-23.54100
244.00000,-46.63057,-23.52438,AV DO ESTADO,AV DO ESTADO BOM RETIRO,DA AV PTE SANTOS DUMONT-IPIRANGASANTANA - LOCAL-SE,2019/02/06,2.00000,12:56:00,13:05:00,00:09:00,0.15000,3809,355030857A,-23.54100,-46.62900,Centro,2692,CEMADEN,Pluviométrica,3550308,SÃO PAULO,-46.62900,-23.54100
246.00000,-46.61478,-23.54181,R GOMES CARDIM,R GOMES CARDIM BRAS,AV RANGEL PESTANA-UNICO - UNICA-MO,2019/02/06,2.00000,12:56:00,16:56:00,04:00:00,4.00000,3809,355030857A,-23.54100,-46.62900,Centro,2692,CEMADEN,Pluviométrica,3550308,SÃO PAULO,-46.62900,-23.54100
260.00000,-46.62826,-23.55452,R GLICERIO,R GLICERIO,ALTURA DO NUMERO 221-UNICO - NAO INFORMADA-SE,2019/02/06,2.00000,16:01:00,16:48:00,00:47:00,0.78000,3809,355030857A,-23.54100,-46.62900,Centro,2692,CEMADEN,Pluviométrica,3550308,SÃO PAULO,-46.62900,-23.54100
268.00000,-46.62704,-23.54312,AV MERCURIO,AV MERCURIO,PC S VITO-UNICO - ESQUERDA-SE,2019/02/06,2.00000,18:36:00,21:50:00,03:14:00,3.23000,3809,355030857A,-23.54100,-46.62900,Centro,2692,CEMADEN,Pluviométrica,3550308,SÃO PAULO,-46.62900,-23.54100
289.00000,-46.63891,-23.54981,PC DA BANDEIRA,PC DA BANDEIRA REPUBLICA,PQ ANHANGABAU-BAIRROCENTRO - LOCAL-SE,2019/02/15,2.00000,21:36:00,22:04:00,00:28:00,0.47000,3809,355030857A,-23.54100,-46.62900,Centro,2692,CEMADEN,Pluviométrica,3550308,SÃO PAULO,-46.62900,-23.54100
293.00000,-46.64046,-23.54909,PC DA BANDEIRA,PC DA BANDEIRA,AV NOVE DE JULHO-CENTROBAIRRO-SE,2019/02/15,2.00000,21:43:00,22:02:00,00:19:00,0.32000,3809,355030857A,-23.54100,-46.62900,Centro,2692,CEMADEN,Pluviométrica,3550308,SÃO PAULO,-46.62900,-23.54100
318.00000,-46.62856,-23.55720,R TEIXEIRA LEITE,R TEIXEIRA LEITE,R S PAULO-UNICO-SE,2019/02/16,2.00000,19:08:00,21:33:00,02:25:00,2.42000,3809,355030857A,-23.54100,-46.62900,Centro,2692,CEMADEN,Pluviométrica,3550308,SÃO PAULO,-46.62900,-23.54100
324.00000,-46.62947,-23.54036,AV MERCURIO,AV MERCURIO,R DA CANTAREIRA-UNICO-SE,2019/02/16,2.00000,19:37:00,00:00:00,04:23:00,4.38000,3809,355030857A,-23.54100,-46.62900,Centro,2692,CEMADEN,Pluviométrica,3550308,SÃO PAULO,-46.62900,-23.54100
372.00000,-46.63891,-23.54979,PC DA BANDEIRA,PC DA BANDEIRA (REPUBLICA),PQ ANHANGABAU - BAIRRO/CENTRO,2019/02/21,2.00000,18:55:00,20:02:00,01:07:00,1.12000,3809,355030857A,-23.54100,-46.62900,Centro,2692,CEMADEN,Pluviométrica,3550308,SÃO PAULO,-46.62900,-23.54100
374.00000,-46.63882,-23.54827,AV VINTE E TRES DE MAIO,AV VINTE E TRES DE MAIO,AV NOVE DE JULHO - SANTANA/AEROPORTO,2019/02/21,2.00000,18:57:00,19:44:00,00:47:00,0.78000,3809,355030857A,-23.54100,-46.62900,Centro,2692,CEMADEN,Pluviométrica,3550308,SÃO PAULO,-46.62900,-23.54100
384.00000,-46.62485,-23.53357,AV DO ESTADO,AV DO ESTADO (BOM RETIRO),ALTURA DO N├ÜMERO 2023 - SANTANA/IPIRANGA,2019/02/21,2.00000,19:22:00,22:37:00,03:15:00,3.25000,3809,355030857A,-23.54100,-46.62900,Centro,2692,CEMADEN,Pluviométrica,3550308,SÃO PAULO,-46.62900,-23.54100
392.00000,-46.62856,-23.55720,R SAO PAULO,R S PAULO (LIBERDADE),R TEIXEIRA LEITE - UNICO,2019/02/21,2.00000,19:34:00,19:53:00,00:19:00,0.32000,3809,355030857A,-23.54100,-46.62900,Centro,2692,CEMADEN,Pluviométrica,3550308,SÃO PAULO,-46.62900,-23.54100
393.00000,-46.62550,-23.53416,R JOAO TEODORO,R JOAO TEODORO (BOM RETIRO),AV DO ESTADO - BAIRRO/CENTRO,2019/02/21,2.00000,19:35:00,22:36:00,03:01:00,3.02000,3809,355030857A,-23.54100,-46.62900,Centro,2692,CEMADEN,Pluviométrica,3550308,SÃO PAULO,-46.62900,-23.54100
395.00000,-46.62947,-23.54036,AV MERCURIO,AV MERCURIO (SE),R DA CANTAREIRA - AMBOS,2019/02/21,2.00000,19:37:00,21:03:00,01:26:00,1.43000,3809,355030857A,-23.54100,-46.62900,Centro,2692,CEMADEN,Pluviométrica,3550308,SÃO PAULO,-46.62900,-23.54100
398.00000,-46.62755,-23.53925,AV DO ESTADO,AV DO ESTADO (BOM RETIRO),R PAULA SOUSA - AMBOS,2019/02/21,2.00000,19:48:00,22:36:00,02:48:00,2.80000,3809,355030857A,-23.54100,-46.62900,Centro,2692,CEMADEN,Pluviométrica,3550308,SÃO PAULO,-46.62900,-23.54100
399.00000,-46.62821,-23.54135,AV DO ESTADO,AV DO. ESTADO,AV MERCURIO - SANTANA/IPIRANGA,2019/02/21,2.00000,20:09:00,21:02:00,00:53:00,0.88000,3809,355030857A,-23.54100,-46.62900,Centro,2692,CEMADEN,Pluviométrica,3550308,SÃO PAULO,-46.62900,-23.54100
403.00000,-46.62756,-23.54909,AV DO ESTADO,AV DO. ESTADO,VD VINTE E CINCO DE MARCO - SANTANA/IPIRANGA - N├âO INFORMADA,2019/02/21,2.00000,21:13:00,23:50:00,02:37:00,2.62000,3809,355030857A,-23.54100,-46.62900,Centro,2692,CEMADEN,Pluviométrica,3550308,SÃO PAULO,-46.62900,-23.54100
418.00000,-46.64249,-23.53660,AV RIO BRANCO,AV. RIO BRANCO (REPUBLICA),AV DUQ DE CAXIAS - BAIRRO/CENTRO,2019/02/24,2.00000,18:15:00,20:00:00,01:45:00,1.75000,3809,355030857A,-23.54100,-46.62900,Centro,2692,CEMADEN,Pluviométrica,3550308,SÃO PAULO,-46.62900,-23.54100
450.00000,-46.64249,-23.53660,AV RIO BRANCO,AV RIO BRANCO,AV DUQ DE CAXIAS-BAIRROCENTRO-SE,2019/02/26,2.00000,07:14:00,16:57:00,09:43:00,9.72000,3809,355030857A,-23.54100,-46.62900,Centro,2692,CEMADEN,Pluviométrica,3550308,SÃO PAULO,-46.62900,-23.54100
455.00000,-46.62704,-23.54312,AV MERCURIO,AV MERCURIO,PC S VITO-UNICO-SE,2019/02/26,2.00000,07:51:00,17:05:00,09:14:00,9.23000,3809,355030857A,-23.54100,-46.62900,Centro,2692,CEMADEN,Pluviométrica,3550308,SÃO PAULO,-46.62900,-23.54100
459.00000,-46.64456,-23.54943,PC DESEM MARIO PIRES,PC DESEM MARIO PIRES,R MARTINS FONTES-CENTROBAIRRO-SE,2019/02/26,2.00000,08:29:00,17:02:00,08:33:00,8.55000,3809,355030857A,-23.54100,-46.62900,Centro,2692,CEMADEN,Pluviométrica,3550308,SÃO PAULO,-46.62900,-23.54100
486.00000,-46.64249,-23.53660,AV RIO BRANCO,AV RIO BRANCO REPUBLICA,AV DUQ DE CAXIAS-BAIRROCENTRO - UNICA-SE,2019/03/02,3.00000,19:13:00,19:23:00,00:10:00,0.17000,3809,355030857A,-23.54100,-46.62900,Centro,2692,CEMADEN,Pluviométrica,3550308,SÃO PAULO,-46.62900,-23.54100
494.00000,-46.63811,-23.54732,TN PAPA JOAO PAULO II,TN PAPA JOAO PAULO II (REPUBLICA),ALTURA DO N├ÜMERO 0 - SANTANA/AEROPORTO,2019/03/02,3.00000,19:29:00,20:42:00,01:13:00,1.22000,3809,355030857A,-23.54100,-46.62900,Centro,2692,CEMADEN,Pluviométrica,3550308,SÃO PAULO,-46.62900,-23.54100
496.00000,-46.63824,-23.55033,AV VINTE E TRES DE MAIO,AV VINTE E TRES DE MAIO,PC DA BANDEIRA - SANTANA/AEROPORTO,2019/03/02,3.00000,19:43:00,19:55:00,00:12:00,0.20000,3809,355030857A,-23.54100,-46.62900,Centro,2692,CEMADEN,Pluviométrica,3550308,SÃO PAULO,-46.62900,-23.54100
515.00000,-46.64177,-23.53758,AV RIO BRANCO,AV RIO BRANCO,R GAL OSORIO - BAIRRO/CENTRO - ├ÜNICA,2019/03/02,3.00000,20:28:00,20:43:00,00:15:00,0.25000,3809,355030857A,-23.54100,-46.62900,Centro,2692,CEMADEN,Pluviométrica,3550308,SÃO PAULO,-46.62900,-23.54100
536.00000,-46.63219,-23.54198,R VINTE E CINCO DE MARCO,R VINTE E CINCO DE MARCO,R HERCULES FLORENCE-UNICO-SE,2019/03/05,3.00000,18:12:00,21:09:00,02:57:00,2.95000,3809,355030857A,-23.54100,-46.62900,Centro,2692,CEMADEN,Pluviométrica,3550308,SÃO PAULO,-46.62900,-23.54100
539.00000,-46.62815,-23.54028,AV DO ESTADO,AV DO ESTADO,ALTURA DO NUMERO 2950-SANTANAIPIRANGA-SE,2019/03/05,3.00000,18:20:00,21:16:00,02:56:00,2.93000,3809,355030857A,-23.54100,-46.62900,Centro,2692,CEMADEN,Pluviométrica,3550308,SÃO PAULO,-46.62900,-23.54100
540.00000,-46.62947,-23.54036,AV MERCURIO,AV MERCURIO,R DA CANTAREIRA-UNICO - DIREITA-SE,2019/03/05,3.00000,18:24:00,21:17:00,02:53:00,2.88000,3809,355030857A,-23.54100,-46.62900,Centro,2692,CEMADEN,Pluviométrica,3550308,SÃO PAULO,-46.62900,-23.54100
541.00000,-46.63074,-23.53993,AV SEN QUEIROS,AV SEN QUEIROS,R BR DE DUPRAT-UNICO - DIREITA-SE,2019/03/05,3.00000,18:24:00,21:16:00,02:52:00,2.87000,3809,355030857A,-23.54100,-46.62900,Centro,2692,CEMADEN,Pluviométrica,3550308,SÃO PAULO,-46.62900,-23.54100
543.00000,-46.62856,-23.55717,R TEIXEIRA LEITE,R TEIXEIRA LEITE LIBERDADE,R S PAULO-UNICO-SE,2019/03/05,3.00000,18:37:00,20:33:00,01:56:00,1.93000,3809,355030857A,-23.54100,-46.62900,Centro,2692,CEMADEN,Pluviométrica,3550308,SÃO PAULO,-46.62900,-23.54100
575.00000,-46.64115,-23.53824,AV RIO BRANCO,AV RIO BRANCO,R DOS GUSMOES-CENTROBAIRRO-SE,2019/03/07,3.00000,16:48:00,19:21:00,02:33:00,2.55000,3809,355030857A,-23.54100,-46.62900,Centro,2692,CEMADEN,Pluviométrica,3550308,SÃO PAULO,-46.62900,-23.54100
576.00000,-46.62704,-23.54312,AV MERCURIO,AV MERCURIO,PC S VITO-UNICO - ESQUERDA-SE,2019/03/07,3.00000,17:34:00,17:58:00,00:24:00,0.40000,3809,355030857A,-23.54100,-46.62900,Centro,2692,CEMADEN,Pluviométrica,3550308,SÃO PAULO,-46.62900,-23.54100
577.00000,-46.62947,-23.54036,AV MERCURIO,AV MERCURIO,R DA CANTAREIRA-UNICO - ESQUERDA-SE,2019/03/07,3.00000,17:38:00,19:23:00,01:45:00,1.75000,3809,355030857A,-23.54100,-46.62900,Centro,2692,CEMADEN,Pluviométrica,3550308,SÃO PAULO,-46.62900,-23.54100
579.00000,-46.64167,-23.53791,AV RIO BRANCO,AV RIO BRANCO,ALTURA DO NUMERO 625-BAIRROCENTRO-SE,2019/03/07,3.00000,17:58:00,19:21:00,01:23:00,1.38000,3809,355030857A,-23.54100,-46.62900,Centro,2692,CEMADEN,Pluviométrica,3550308,SÃO PAULO,-46.62900,-23.54100
580.00000,-46.64084,-23.53828,AV RIO BRANCO,AV RIO BRANCO,ALTURA DO NUMERO 530-BAIRROCENTRO-SE,2019/03/07,3.00000,18:02:00,19:22:00,01:20:00,1.33000,3809,355030857A,-23.54100,-46.62900,Centro,2692,CEMADEN,Pluviométrica,3550308,SÃO PAULO,-46.62900,-23.54100
586.00000,-46.61156,-23.54003,AV CELSO GARCIA,AV CELSO GARCIA,R JOSE DE ALENCAR-CENTROBAIRRO - UNICA-MO,2019/03/09,3.00000,18:00:00,18:00:00,00:00:00,0.00000,3809,355030857A,-23.54100,-46.62900,Centro,2692,CEMADEN,Pluviométrica,3550308,SÃO PAULO,-46.62900,-23.54100
587.00000,-46.61156,-23.54003,AV CELSO GARCIA,AV CELSO GARCIA,R JOSE DE ALENCAR-CENTROBAIRRO - UNICA-MO,2019/03/09,3.00000,18:00:00,18:36:00,00:36:00,0.60000,3809,355030857A,-23.54100,-46.62900,Centro,2692,CEMADEN,Pluviométrica,3550308,SÃO PAULO,-46.62900,-23.54100
604.00000,-46.63891,-23.54979,PQ ANHANGABAU,PQ ANHANGABAU (REPUBLICA),PC DA BANDEIRA - SANTANA/AEROPORTO - ├ÜNICA,2019/03/10,3.00000,21:53:00,00:19:00,23/01/1900 02:26:00,2.43000,3809,355030857A,-23.54100,-46.62900,Centro,2692,CEMADEN,Pluviométrica,3550308,SÃO PAULO,-46.62900,-23.54100
605.00000,-46.62762,-23.55553,VD LESTE-OESTE,VD LESTE-OESTE,AV RADIAL LESTE-OESTE - LAPA/PENHA - ├ÜNICA,2019/03/10,3.00000,21:58:00,01:34:00,23/01/1900 03:36:00,3.60000,3809,355030857A,-23.54100,-46.62900,Centro,2692,CEMADEN,Pluviométrica,3550308,SÃO PAULO,-46.62900,-23.54100
641.00000,-46.62646,-23.53036,R TIBIRICA,R TIBIRICA BOM RETIRO,AV DO ESTADO-UNICO-SE,2019/03/11,3.00000,04:45:00,08:44:00,03:59:00,3.98000,3809,355030857A,-23.54100,-46.62900,Centro,2692,CEMADEN,Pluviométrica,3550308,SÃO PAULO,-46.62900,-23.54100
650.00000,-46.61903,-23.55548,R OSCAR HORTA,R OSCAR HORTA,R DOM BOSCO - ├ÜNICO,2019/03/11,3.00000,06:18:00,12:49:00,06:31:00,6.52000,3809,355030857A,-23.54100,-46.62900,Centro,2692,CEMADEN,Pluviométrica,3550308,SÃO PAULO,-46.62900,-23.54100
674.00000,-46.62408,-23.55482,AV DO ESTADO,AV DO ESTADO BOM RETIRO,R WANDENKOLK-IPIRANGASANTANA - LOCAL-SE,2019/03/11,3.00000,08:42:00,11:26:00,02:44:00,2.73000,3809,355030857A,-23.54100,-46.62900,Centro,2692,CEMADEN,Pluviométrica,3550308,SÃO PAULO,-46.62900,-23.54100
715.00000,-46.63881,-23.54941,AV VINTE E TRES DE MAIO,AV. VINTE E TRES DE MAIO (LIBERDADE),PC DA BANDEIRA - SANTANA/AEROPORTO,2019/03/19,3.00000,18:07:00,18:56:00,00:49:00,0.82000,3809,355030857A,-23.54100,-46.62900,Centro,2692,CEMADEN,Pluviométrica,3550308,SÃO PAULO,-46.62900,-23.54100
728.00000,-46.64177,-23.53758,AV RIO BRANCO,AV RIO BRANCO REPUBLICA,R GAL OSORIO  R AURORA-BAIRROCENTRO - UNICA-SE,2019/04/06,4.00000,14:39:00,16:09:00,01:30:00,1.50000,3809,355030857A,-23.54100,-46.62900,Centro,2692,CEMADEN,Pluviométrica,3550308,SÃO PAULO,-46.62900,-23.54100
729.00000,-46.64249,-23.53660,AV RIO BRANCO,AV RIO BRANCO REPUBLICA,AV DUQ DE CAXIAS-BAIRROCENTRO - UNICA-SE,2019/04/06,4.00000,14:45:00,16:08:00,01:23:00,1.38000,3809,355030857A,-23.54100,-46.62900,Centro,2692,CEMADEN,Pluviométrica,3550308,SÃO PAULO,-46.62900,-23.54100
755.00000,-46.64171,-23.53785,AV RIO BRANCO,AV RIO BRANCO,ALTURA DO NUMERO 633-BAIRROCENTRO - UNICA-SE,2019/04/08,4.00000,14:34:00,14:35:00,00:01:00,0.02000,3809,355030857A,-23.54100,-46.62900,Centro,2692,CEMADEN,Pluviométrica,3550308,SÃO PAULO,-46.62900,-23.54100
756.00000,-46.64123,-23.53856,AV RIO BRANCO,AV RIO BRANCO,ALTURA DO NUMERO 547-BAIRROCENTRO - NAO INFORMADA-SE,2019/04/08,4.00000,14:37:00,16:06:00,01:29:00,1.48000,3809,355030857A,-23.54100,-46.62900,Centro,2692,CEMADEN,Pluviométrica,3550308,SÃO PAULO,-46.62900,-23.54100
758.00000,-46.63982,-23.54029,AV RIO BRANCO,AV RIO BRANCO,ALTURA DO NUMERO 313-BAIRROCENTRO - UNICA-SE,2019/04/08,4.00000,17:52:00,19:07:00,01:15:00,1.25000,3809,355030857A,-23.54100,-46.62900,Centro,2692,CEMADEN,Pluviométrica,3550308,SÃO PAULO,-46.62900,-23.54100
761.00000,-46.61477,-23.54181,AV RANGEL PESTANA,AV RANGEL PESTANA,R GOMES CARDIM-CENTROBAIRRO-MO,2019/04/08,4.00000,18:06:00,18:44:00,00:38:00,0.63000,3809,355030857A,-23.54100,-46.62900,Centro,2692,CEMADEN,Pluviométrica,3550308,SÃO PAULO,-46.62900,-23.54100
762.00000,-46.61043,-23.53974,AV CELSO GARCIA,AV CELSO GARCIA,R DR COSTA VALENTE-CENTROBAIRRO-MO,2019/04/08,4.00000,18:10:00,18:44:00,00:34:00,0.57000,3809,355030857A,-23.54100,-46.62900,Centro,2692,CEMADEN,Pluviométrica,3550308,SÃO PAULO,-46.62900,-23.54100
787.00000,-46.63074,-23.53993,AV SEN QUEIROS,AV SEN QUEIROS,R BR DE DUPRAT - UNICO,2019/04/16,4.00000,10:52:00,11:03:00,00:11:00,0.18000,3809,355030857A,-23.54100,-46.62900,Centro,2692,CEMADEN,Pluviométrica,3550308,SÃO PAULO,-46.62900,-23.54100
789.00000,-46.63074,-23.53993,R BR DE DUPRAT,R BR DE DUPRAT,AV SEN QUEIROS - ├ÜNICO,2019/04/22,4.00000,08:20:00,10:20:00,02:00:00,2.00000,3809,355030857A,-23.54100,-46.62900,Centro,2692,CEMADEN,Pluviométrica,3550308,SÃO PAULO,-46.62900,-23.54100
790.00000,-46.63074,-23.53993,AV SEN QUEIROS,AV SEN QUEIROS,R BR DE DUPRAT - UNICO,2019/04/23,4.00000,18:03:00,18:16:00,00:13:00,0.22000,3809,355030857A,-23.54100,-46.62900,Centro,2692,CEMADEN,Pluviométrica,3550308,SÃO PAULO,-46.62900,-23.54100
791.00000,-46.63074,-23.53993,R BR DE DUPRAT,R BR DE DUPRAT,AV SEN QUEIROS - ├ÜNICO,2019/04/25,4.00000,07:27:00,07:40:00,00:13:00,0.22000,3809,355030857A,-23.54100,-46.62900,Centro,2692,CEMADEN,Pluviométrica,3550308,SÃO PAULO,-46.62900,-23.54100
793.00000,-46.63259,-23.54431,AV VINTE E CINCO DE MARCO,VINTE E CINCO DE MAR├çO,LADEIRA PORTO GERAL-CENTROBAIRRO-SE,2019/04/26,4.00000,15:53:00,19:00:00,03:07:00,3.12000,3809,355030857A,-23.54100,-46.62900,Centro,2692,CEMADEN,Pluviométrica,3550308,SÃO PAULO,-46.62900,-23.54100
794.00000,-46.62958,-23.55681,R GLICERIO,R GLICERIO,R S PAULO-UNICO - UNICA-SE,2019/04/26,4.00000,16:01:00,16:52:00,00:51:00,0.85000,3809,355030857A,-23.54100,-46.62900,Centro,2692,CEMADEN,Pluviométrica,3550308,SÃO PAULO,-46.62900,-23.54100
795.00000,-46.62856,-23.55717,R SAO PAULO,R S PAULO,R TEIXEIRA LEITE-AMBOS - SE,2019/04/26,4.00000,16:11:00,16:34:00,00:23:00,0.38000,3809,355030857A,-23.54100,-46.62900,Centro,2692,CEMADEN,Pluviométrica,3550308,SÃO PAULO,-46.62900,-23.54100
796.00000,-46.62710,-23.54285,AV MERCURIO,AV MERCURIO,PC S VITO-BAIRROCENTRO-SE,2019/04/26,4.00000,16:15:00,19:00:00,02:45:00,2.75000,3809,355030857A,-23.54100,-46.62900,Centro,2692,CEMADEN,Pluviométrica,3550308,SÃO PAULO,-46.62900,-23.54100
798.00000,-46.63011,-23.54189,R DA CANTAREIRA,R DA CANTAREIRA BOM RETIRO,R COMEN AFONSO KHERLAKIAN-UNICO - UNICA-SE,2019/04/26,4.00000,16:27:00,19:20:00,02:53:00,2.88000,3809,355030857A,-23.54100,-46.62900,Centro,2692,CEMADEN,Pluviométrica,3550308,SÃO PAULO,-46.62900,-23.54100
799.00000,-46.63011,-23.54189,R DA CANTAREIRA,RUA DA CANTAREIRA,R COMENDADOR AFONSO KHERLAKIAN-UNICO-SE,2019/04/26,4.00000,15:55:00,19:20:00,00:23:00,0.38000,3809,355030857A,-23.54100,-46.62900,Centro,2692,CEMADEN,Pluviométrica,3550308,SÃO PAULO,-46.62900,-23.54100
800.00000,-46.64177,-23.53758,AV RIO BRANCO,AV RIO BRANCO REPUBLICA,R GAL OSORIO-BAIRROCENTRO - UNICA-SE,2019/04/26,4.00000,16:32:00,17:25:00,00:53:00,0.88000,3809,355030857A,-23.54100,-46.62900,Centro,2692,CEMADEN,Pluviométrica,3550308,SÃO PAULO,-46.62900,-23.54100
802.00000,-46.62308,-23.55225,AV ALCANTARA MACHADO,AV ALCANTARA MACHADO,ALTURA DO NUMERO 200-AMBOS - UNICA-MO,2019/04/26,4.00000,16:39:00,18:20:00,01:41:00,1.68000,3809,355030857A,-23.54100,-46.62900,Centro,2692,CEMADEN,Pluviométrica,3550308,SÃO PAULO,-46.62900,-23.54100
804.00000,-46.62704,-23.54312,AV MERCURIO,AV MERCURIO,PC S VITO-UNICO - ESQUERDA-SE,2019/04/26,4.00000,16:46:00,16:47:00,00:01:00,0.02000,3809,355030857A,-23.54100,-46.62900,Centro,2692,CEMADEN,Pluviométrica,3550308,SÃO PAULO,-46.62900,-23.54100
805.00000,-46.62947,-23.54036,AV MERCURIO,AV MERCURIO,R DA CANTAREIRA-UNICO - ESQUERDA-SE,2019/04/26,4.00000,16:50:00,17:25:00,00:35:00,0.58000,3809,355030857A,-23.54100,-46.62900,Centro,2692,CEMADEN,Pluviométrica,3550308,SÃO PAULO,-46.62900,-23.54100
808.00000,-46.63877,-23.54840,TN ANHANGABAU,TN ANHANGABAU,EMBOQUE SUL - ERA/ST (S├ë),2019/04/28,4.00000,18:28:00,19:24:00,00:56:00,0.93000,3809,355030857A,-23.54100,-46.62900,Centro,2692,CEMADEN,Pluviométrica,3550308,SÃO PAULO,-46.62900,-23.54100
811.00000,-46.62704,-23.54312,AV MERCURIO,AV MERCURIO,PC S VITO - ├ÜNICO (S├ë),2019/04/29,4.00000,04:38:00,04:47:00,00:09:00,0.15000,3809,355030857A,-23.54100,-46.62900,Centro,2692,CEMADEN,Pluviométrica,3550308,SÃO PAULO,-46.62900,-23.54100
832.00000,-46.62349,-23.55191,AV ALCANTARA MACHADO,AV ALCANTARA MACHADO,R WANDENKOLK-BAIRROCENTRO - EXP-MO,2019/06/03,6.00000,07:09:00,13:25:00,06:16:00,6.27000,3809,355030857A,-23.54100,-46.62900,Centro,2692,CEMADEN,Pluviométrica,3550308,SÃO PAULO,-46.62900,-23.54100
835.00000,-46.62704,-23.54312,AV MERCURIO,AV MERCURIO,PC S VITO-UNICO-SE,2019/06/03,6.00000,07:32:00,07:44:00,00:12:00,0.20000,3809,355030857A,-23.54100,-46.62900,Centro,2692,CEMADEN,Pluviométrica,3550308,SÃO PAULO,-46.62900,-23.54100
840.00000,-46.61766,-23.53789,R ORIENTE,R ORIENTE,R MILLER-UNICO-MO,2019/06/03,6.00000,08:13:00,13:10:00,04:57:00,4.95000,3809,355030857A,-23.54100,-46.62900,Centro,2692,CEMADEN,Pluviométrica,3550308,SÃO PAULO,-46.62900,-23.54100
841.00000,-46.61477,-23.54181,AV RANGEL PESTANA,AV RANGEL PESTANA,R GOMES CARDIM-CENTROBAIRRO-MO,2019/06/03,6.00000,08:17:00,13:04:00,04:47:00,4.78000,3809,355030857A,-23.54100,-46.62900,Centro,2692,CEMADEN,Pluviométrica,3550308,SÃO PAULO,-46.62900,-23.54100
842.00000,-46.61156,-23.54003,AV CELSO GARCIA,AV CELSO GARCIA,R JOSE DE ALENCAR-CENTROBAIRRO-MO,2019/06/03,6.00000,08:21:00,14:53:00,06:32:00,6.53000,3809,355030857A,-23.54100,-46.62900,Centro,2692,CEMADEN,Pluviométrica,3550308,SÃO PAULO,-46.62900,-23.54100
857.00000,-46.62642,-23.53158,AV DO ESTADO,AV DO ESTADO BOM RETIRO,ALTURA DO NUMERO 1902-SANTANAIPIRANGA-SE,2019/07/04,7.00000,08:24:00,08:34:00,00:10:00,0.17000,3809,355030857A,-23.54100,-46.62900,Centro,2692,CEMADEN,Pluviométrica,3550308,SÃO PAULO,-46.62900,-23.54100
870.00000,-46.64249,-23.53660,AV RIO BRANCO,AV RIO BRANCO REPUBLICA,AV DUQ DE CAXIAS-BAIRROCENTRO-SE,2019/07/04,7.00000,14:55:00,15:06:00,00:11:00,0.18000,3809,355030857A,-23.54100,-46.62900,Centro,2692,CEMADEN,Pluviométrica,3550308,SÃO PAULO,-46.62900,-23.54100
871.00000,-46.63312,-23.53538,AV SEN QUEIROS,AV SEN QUEIROS REPUBLICA,R FLORENCIO DE ABREU-BAIRROCENTRO - DIREITA-SE,2019/07/04,7.00000,15:01:00,15:05:00,00:04:00,0.07000,3809,355030857A,-23.54100,-46.62900,Centro,2692,CEMADEN,Pluviométrica,3550308,SÃO PAULO,-46.62900,-23.54100
876.00000,-46.63231,-23.54183,R VINTE E CINCO DE MARCO,R VINTE E CINCO DE MARCO,ALTURA DO NUMERO 595-UNICO-SE,2019/07/04,7.00000,16:13:00,16:28:00,00:15:00,0.25000,3809,355030857A,-23.54100,-46.62900,Centro,2692,CEMADEN,Pluviométrica,3550308,SÃO PAULO,-46.62900,-23.54100
877.00000,-46.63106,-23.54789,R VINTE E CINCO DE MARCO,R VINTE E CINCO DE MARCO,ALTURA DO NUMERO 205-UNICO-SE,2019/07/04,7.00000,16:17:00,16:26:00,00:09:00,0.15000,3809,355030857A,-23.54100,-46.62900,Centro,2692,CEMADEN,Pluviométrica,3550308,SÃO PAULO,-46.62900,-23.54100
878.00000,-46.62704,-23.54312,AV MERCURIO,AV MERCURIO,PC S VITO-AMBOS-SE,2019/07/04,7.00000,17:22:00,19:36:00,02:14:00,2.23000,3809,355030857A,-23.54100,-46.62900,Centro,2692,CEMADEN,Pluviométrica,3550308,SÃO PAULO,-46.62900,-23.54100
883.00000,-46.62704,-23.54312,AV MERCURIO,AV MERCURIO,PC S VITO-UNICO-SE,2019/07/04,7.00000,23:41:00,08:09:00,23/01/1900 08:28:00,8.47000,3809,355030857A,-23.54100,-46.62900,Centro,2692,CEMADEN,Pluviométrica,3550308,SÃO PAULO,-46.62900,-23.54100
903.00000,-46.62704,-23.54312,AV MERCURIO,AV MERCURIO,PC S VITO-BAIRROCENTRO-SE,2019/07/05,7.00000,07:51:00,08:09:00,00:18:00,0.30000,3809,355030857A,-23.54100,-46.62900,Centro,2692,CEMADEN,Pluviométrica,3550308,SÃO PAULO,-46.62900,-23.54100
912.00000,-46.64200,-23.52993,R ANHAIA,R ANHAIA,R SILVA PINTO ├ÜNICO,2019/09/01,9.00000,00:28:00,01:12:00,00:44:00,0.73000,3809,355030857A,-23.54100,-46.62900,Centro,2692,CEMADEN,Pluviométrica,3550308,SÃO PAULO,-46.62900,-23.54100
914.00000,-46.64167,-23.53791,AV RIO BRANCO,AV. RIO BRANCO,ALTURA DO N├ÜMERO 633 ├ÜNICO,2019/09/01,9.00000,14:24:00,00:10:00,09:46:00,9.77000,3809,355030857A,-23.54100,-46.62900,Centro,2692,CEMADEN,Pluviométrica,3550308,SÃO PAULO,-46.62900,-23.54100
915.00000,-46.62433,-23.52869,AV CRUZEIRO DO SUL,AV. CRUZEIRO DO SUL,ALTURA DO N├ÜMERO 400 IPIRANGA/SANTANA,2019/09/01,9.00000,19:05:00,00:10:00,05:05:00,5.08000,3809,355030857A,-23.54100,-46.62900,Centro,2692,CEMADEN,Pluviométrica,3550308,SÃO PAULO,-46.62900,-23.54100
917.00000,-46.63881,-23.54941,PC DA BANDEIRA,PC. DA. BANDEIRA,AV VINTE E TRES DE MAIO CENTRO/BAIRRO - N├âO INFORMADA,2019/09/02,9.00000,04:35:00,05:20:00,00:45:00,0.75000,3809,355030857A,-23.54100,-46.62900,Centro,2692,CEMADEN,Pluviométrica,3550308,SÃO PAULO,-46.62900,-23.54100
919.00000,-46.62704,-23.54312,AV MERCURIO,AV. MERCURIO (SE),PC S VITO ├ÜNICO ESQUERDA,2019/09/02,9.00000,06:15:00,06:59:00,00:44:00,0.73000,3809,355030857A,-23.54100,-46.62900,Centro,2692,CEMADEN,Pluviométrica,3550308,SÃO PAULO,-46.62900,-23.54100
920.00000,-46.62704,-23.54312,AV MERCURIO,AV. MERCURIO,PC S VITO ├ÜNICO ESQUERDA,2019/09/02,9.00000,06:27:00,06:42:00,00:15:00,0.25000,3809,355030857A,-23.54100,-46.62900,Centro,2692,CEMADEN,Pluviométrica,3550308,SÃO PAULO,-46.62900,-23.54100
922.00000,-46.63633,-23.55012,R SEN FEIJO,R. SEN. FEIJO,ALTURA DO N├ÜMERO 177 ├ÜNICO,2019/09/05,9.00000,11:24:00,12:13:00,00:49:00,0.82000,3809,355030857A,-23.54100,-46.62900,Centro,2692,CEMADEN,Pluviométrica,3550308,SÃO PAULO,-46.62900,-23.54100
927.00000,-46.61156,-23.54003,AV CELSO GARCIA,AV. CELSO GARCIA,R JOSE DE ALENCAR CENTRO/BAIRRO,2019/10/28,10.00000,07:36:00,11:02:00,03:26:00,3.43000,3809,355030857A,-23.54100,-46.62900,Centro,2692,CEMADEN,Pluviométrica,3550308,SÃO PAULO,-46.62900,-23.54100
939.00000,-46.62947,-23.54036,AV MERCURIO,AV. MERCURIO (SE),R DA CANTAREIRA BAIRRO/CENTRO,2019/11/05,11.00000,18:12:00,19:05:00,00:53:00,0.88000,3809,355030857A,-23.54100,-46.62900,Centro,2692,CEMADEN,Pluviométrica,3550308,SÃO PAULO,-46.62900,-23.54100
941.00000,-46.61477,-23.54181,AV RANGEL PESTANA,AV. RANGEL PESTANA (BRAS),R GOMES CARDIM - C/B,2019/11/05,11.00000,18:15:00,18:54:00,00:39:00,0.65000,3809,355030857A,-23.54100,-46.62900,Centro,2692,CEMADEN,Pluviométrica,3550308,SÃO PAULO,-46.62900,-23.54100
946.00000,-46.63881,-23.54941,AV VINTE E TRES DE MAIO,AV. VINTE E TRES DE MAIO (LIBERDADE),PC DA BANDEIRA SANTANA/AEROPORTO,2019/11/05,11.00000,18:23:00,18:43:00,00:20:00,0.33000,3809,355030857A,-23.54100,-46.62900,Centro,2692,CEMADEN,Pluviométrica,3550308,SÃO PAULO,-46.62900,-23.54100
953.00000,-46.61386,-23.54126,AV RANGEL PESTANA,AV. RANGEL PESTANA (BRAS),R BRIG MACHADO - C/B,2019/11/05,11.00000,18:35:00,18:55:00,00:20:00,0.33000,3809,355030857A,-23.54100,-46.62900,Centro,2692,CEMADEN,Pluviométrica,3550308,SÃO PAULO,-46.62900,-23.54100
961.00000,-46.64168,-23.53753,AV RIO BRANCO,AV. RIO BRANCO (REPUBLICA),R GAL OSORIO - B/C,2019/11/05,11.00000,19:27:00,03:00:00,08:16:00,8.27000,3809,355030857A,-23.54100,-46.62900,Centro,2692,CEMADEN,Pluviométrica,3550308,SÃO PAULO,-46.62900,-23.54100
974.00000,-46.63715,-23.54713,VD DO CHA,VD. DO. CHA,ALTURA DO NUMERO 40 PATRIARCA/R AZEVEDO,2019/11/06,11.00000,12:17:00,12:30:00,00:13:00,0.22000,3809,355030857A,-23.54100,-46.62900,Centro,2692,CEMADEN,Pluviométrica,3550308,SÃO PAULO,-46.62900,-23.54100
975.00000,-46.62776,-23.53926,R PAULA SOUSA,R. PAULA SOUSA,ALTURA DO N├ÜMERO 556 - ├ÜNICO,2019/11/09,11.00000,09:07:00,09:47:00,00:40:00,0.67000,3809,355030857A,-23.54100,-46.62900,Centro,2692,CEMADEN,Pluviométrica,3550308,SÃO PAULO,-46.62900,-23.54100
976.00000,-46.63755,-23.55609,AV VINTE E TRES DE MAIO,AV. VINTE E TRES DE MAIO (LIBERDADE),VD JACEGUAI - SANTANA/AEROPORTO,2019/11/10,11.00000,07:20:00,07:22:00,00:02:00,0.03000,3809,355030857A,-23.54100,-46.62900,Centro,2692,CEMADEN,Pluviométrica,3550308,SÃO PAULO,-46.62900,-23.54100
977.00000,-46.64363,-23.53308,AL GLETE,AL. GLETE,AL. BR DE. PIRACICABA - ├ÜNICO,2019/11/12,11.00000,13:00:00,13:07:00,00:07:00,0.12000,3809,355030857A,-23.54100,-46.62900,Centro,2692,CEMADEN,Pluviométrica,3550308,SÃO PAULO,-46.62900,-23.54100
978.00000,-46.64363,-23.53308,AL GLETE,AL. GLETE,AL. BR DE. PIRACICABA - ├ÜNICO,2019/11/12,11.00000,18:14:00,22:50:00,04:36:00,4.60000,3809,355030857A,-23.54100,-46.62900,Centro,2692,CEMADEN,Pluviométrica,3550308,SÃO PAULO,-46.62900,-23.54100
984.00000,-46.62756,-23.54909,AV DO ESTADO,AV. DO. ESTADO,VD VINTE E CINCO DE MARCO - SANTANA/IPIRANGA,2019/11/14,11.00000,22:59:00,01:27:00,23/01/1900 02:28:00,2.47000,3809,355030857A,-23.54100,-46.62900,Centro,2692,CEMADEN,Pluviométrica,3550308,SÃO PAULO,-46.62900,-23.54100
987.00000,-46.62704,-23.54312,AV MERCURIO,AV. MERCURIO,PC S. VITO - ├ÜNICO- ESQUERDA,2019/11/15,11.00000,05:35:00,,,0.00000,3809,355030857A,-23.54100,-46.62900,Centro,2692,CEMADEN,Pluviométrica,3550308,SÃO PAULO,-46.62900,-23.54100
1016.00000,-46.62704,-23.54312,AV MERCURIO,AV. MERCURIO,PC S. VITO - ├ÜNICO - ESQUERDA,2019/11/27,11.00000,19:21:00,20:54:00,01:33:00,1.55000,3809,355030857A,-23.54100,-46.62900,Centro,2692,CEMADEN,Pluviométrica,3550308,SÃO PAULO,-46.62900,-23.54100
1020.00000,-46.62704,-23.54312,AV MERCURIO,AV. MERCURIO,PC S. VITO - ├ÜNICO,2019/11/28,11.00000,00:31:00,03:15:00,02:44:00,2.73000,3809,355030857A,-23.54100,-46.62900,Centro,2692,CEMADEN,Pluviométrica,3550308,SÃO PAULO,-46.62900,-23.54100
1022.00000,-46.62308,-23.55225,AV ALCANTARA MACHADO,AV. ALCANTARA MACHADO,ALTURA DO N├ÜMERO 190 - B/C - EXP,2019/11/28,11.00000,09:12:00,09:34:00,00:22:00,0.37000,3809,355030857A,-23.54100,-46.62900,Centro,2692,CEMADEN,Pluviométrica,3550308,SÃO PAULO,-46.62900,-23.54100
1026.00000,-46.64363,-23.53308,AL GLETE,AL. GLETE,ALTURA DO N├ÜMERO 218 - C/B,2019/11/28,11.00000,14:45:00,15:11:00,00:26:00,0.43000,3809,355030857A,-23.54100,-46.62900,Centro,2692,CEMADEN,Pluviométrica,3550308,SÃO PAULO,-46.62900,-23.54100
1027.00000,-46.64283,-23.53414,AL BR DE PIRACICABA,AL. BR. DE. PIRACICABA,ALTURA DO N├ÜMERO 223 - B/C,2019/11/28,11.00000,14:50:00,15:12:00,00:22:00,0.37000,3809,355030857A,-23.54100,-46.62900,Centro,2692,CEMADEN,Pluviométrica,3550308,SÃO PAULO,-46.62900,-23.54100
1034.00000,-46.62704,-23.54312,AV MERCURIO,AV. MERCURIO,PC S. VITO - UNICO - ESQUERDA,2019/12/05,12.00000,17:37:00,19:45:00,02:08:00,2.13000,3809,355030857A,-23.54100,-46.62900,Centro,2692,CEMADEN,Pluviométrica,3550308,SÃO PAULO,-46.62900,-23.54100
1048.00000,-46.63185,-23.54748,R DR BITTENCOURT RODRIGUES,R. DR. BETTENCOURT RODRIGUES,ALTURA DO NUMERO 268 - UNICO,2019/12/09,12.00000,17:13:00,19:24:00,02:11:00,2.18000,3809,355030857A,-23.54100,-46.62900,Centro,2692,CEMADEN,Pluviométrica,3550308,SÃO PAULO,-46.62900,-23.54100
1052.00000,-46.62826,-23.55400,R GLICERIO,R. GLICERIO,ALTURA DO NUMERO 194 - UNICO,2019/12/10,12.00000,14:27:00,14:41:00,00:14:00,0.23000,3809,355030857A,-23.54100,-46.62900,Centro,2692,CEMADEN,Pluviométrica,3550308,SÃO PAULO,-46.62900,-23.54100
1060.00000,-46.62815,-23.53722,R DA CANTAREIRA,R. DA CANTAREIRA (BOM RETIRO),R MAUA - UNICO - UNICA,2019/12/10,12.00000,15:10:00,15:52:00,00:42:00,0.70000,3809,355030857A,-23.54100,-46.62900,Centro,2692,CEMADEN,Pluviométrica,3550308,SÃO PAULO,-46.62900,-23.54100
1064.00000,-46.61477,-23.54181,AV RANGEL PESTANA,AV. RANGEL PESTANA (BRAS),R GOMES CARDIM - CENTRO/BAIRRO,2019/12/10,12.00000,15:27:00,18:10:00,02:43:00,2.72000,3809,355030857A,-23.54100,-46.62900,Centro,2692,CEMADEN,Pluviométrica,3550308,SÃO PAULO,-46.62900,-23.54100
1066.00000,-46.64177,-23.53758,AV RIO BRANCO,AV. RIO BRANCO,R DOS GUSMOES - BAIRRO/CENTRO,2019/12/10,12.00000,15:38:00,15:48:00,00:10:00,0.17000,3809,355030857A,-23.54100,-46.62900,Centro,2692,CEMADEN,Pluviométrica,3550308,SÃO PAULO,-46.62900,-23.54100
1069.00000,-46.64168,-23.53753,AV RIO BRANCO,AV. RIO BRANCO (REPUBLICA),R GAL OSORIO - BAIRRO/CENTRO,2019/12/10,12.00000,15:44:00,16:51:00,01:07:00,1.12000,3809,355030857A,-23.54100,-46.62900,Centro,2692,CEMADEN,Pluviométrica,3550308,SÃO PAULO,-46.62900,-23.54100
1070.00000,-46.63094,-23.54320,R BR DE DUPRAT,R. BR. DE. DUPRAT,ALTURA DO NUMERO 115 - UNICO - UNICA,2019/12/10,12.00000,15:44:00,15:49:00,00:05:00,0.08000,3809,355030857A,-23.54100,-46.62900,Centro,2692,CEMADEN,Pluviométrica,3550308,SÃO PAULO,-46.62900,-23.54100
1073.00000,-46.63277,-23.54942,R VENCESLAU BRAS,R. VENCESLAU BRAS,R IRMA. SIMPLICIANA - UNICO,2019/12/10,12.00000,16:19:00,17:24:00,01:05:00,1.08000,3809,355030857A,-23.54100,-46.62900,Centro,2692,CEMADEN,Pluviométrica,3550308,SÃO PAULO,-46.62900,-23.54100
1074.00000,-46.64167,-23.53791,AV RIO BRANCO,AV. RIO BRANCO,ALTURA DO NUMERO 633 - BAIRRO/CENTRO,2019/12/10,12.00000,16:29:00,16:42:00,00:13:00,0.22000,3809,355030857A,-23.54100,-46.62900,Centro,2692,CEMADEN,Pluviométrica,3550308,SÃO PAULO,-46.62900,-23.54100
1083.00000,-46.62704,-23.54312,AV MERCURIO,AV. MERCURIO,PC S. VITO - ESQUERDA,2019/12/10,12.00000,19:04:00,19:41:00,00:37:00,0.62000,3809,355030857A,-23.54100,-46.62900,Centro,2692,CEMADEN,Pluviométrica,3550308,SÃO PAULO,-46.62900,-23.54100
1086.00000,-46.62704,-23.54312,AV MERCURIO,AV. MERCURIO,PC S. VITO - BAIRRO/CENTRO,2019/12/11,12.00000,05:55:00,06:16:00,00:21:00,0.35000,3809,355030857A,-23.54100,-46.62900,Centro,2692,CEMADEN,Pluviométrica,3550308,SÃO PAULO,-46.62900,-23.54100
1095.00000,-46.64241,-23.54130,R AURORA,R. AURORA,ALTURA DO NUMERO 676 - AMBOS,2019/12/11,12.00000,17:53:00,19:09:00,01:16:00,1.27000,3809,355030857A,-23.54100,-46.62900,Centro,2692,CEMADEN,Pluviométrica,3550308,SÃO PAULO,-46.62900,-23.54100
1097.00000,-46.62704,-23.54312,AV MERCURIO,AV. MERCURIO,PC S. VITO - ESQUERDA,2019/12/11,12.00000,18:17:00,18:32:00,00:15:00,0.25000,3809,355030857A,-23.54100,-46.62900,Centro,2692,CEMADEN,Pluviométrica,3550308,SÃO PAULO,-46.62900,-23.54100
1098.00000,-46.62712,-23.54287,PC SAO VITO,PC. S VITO (SE),AV MERCURIO - UNICO - ESQUERDA,2019/12/11,12.00000,18:22:00,18:32:00,00:10:00,0.17000,3809,355030857A,-23.54100,-46.62900,Centro,2692,CEMADEN,Pluviométrica,3550308,SÃO PAULO,-46.62900,-23.54100
1099.00000,-46.63195,-23.54729,R DR BITTENCOURT RODRIGUES,R. DR. BETTENCOURT RODRIGUES,PC FERNANDO COSTA - UNICO - UNICA,2019/12/11,12.00000,18:23:00,19:22:00,00:59:00,0.98000,3809,355030857A,-23.54100,-46.62900,Centro,2692,CEMADEN,Pluviométrica,3550308,SÃO PAULO,-46.62900,-23.54100
1104.00000,-46.63940,-23.54979,PC DA BANDEIRA,PC. DA. BANDEIRA,ALTURA DO NUMERO 58 - UNICO,2019/12/14,12.00000,16:06:00,17:08:00,01:02:00,1.03000,3809,355030857A,-23.54100,-46.62900,Centro,2692,CEMADEN,Pluviométrica,3550308,SÃO PAULO,-46.62900,-23.54100
1108.00000,-46.63891,-23.54979,PC DA BANDEIRA,PC. DA. BANDEIRA,R STO AMARO - CENTRO/BAIRRO,2019/12/14,12.00000,16:27:00,16:34:00,00:07:00,0.12000,3809,355030857A,-23.54100,-46.62900,Centro,2692,CEMADEN,Pluviométrica,3550308,SÃO PAULO,-46.62900,-23.54100
1126.00000,-46.64168,-23.53753,AV RIO BRANCO,AV. RIO BRANCO (REPUBLICA),R GAL OSORIO - BAIRRO/CENTRO,2019/12/17,12.00000,16:35:00,18:00:00,01:25:00,1.42000,3809,355030857A,-23.54100,-46.62900,Centro,2692,CEMADEN,Pluviométrica,3550308,SÃO PAULO,-46.62900,-23.54100
1133.00000,-46.61570,-23.54242,R JOAQUIM NABUCO,R. JOAQUIM NABUCO,AV RANGEL PESTANA - BAIRRO/CENTRO,2019/12/18,12.00000,08:02:00,09:11:00,01:09:00,1.15000,3809,355030857A,-23.54100,-46.62900,Centro,2692,CEMADEN,Pluviométrica,3550308,SÃO PAULO,-46.62900,-23.54100
1134.00000,-46.63715,-23.54713,VD DO CHA,VD. DO. CHA,ALTURA DO NUMERO 0 - PATRIARCA/R AZEVEDO,2019/12/18,12.00000,13:01:00,13:34:00,00:33:00,0.55000,3809,355030857A,-23.54100,-46.62900,Centro,2692,CEMADEN,Pluviométrica,3550308,SÃO PAULO,-46.62900,-23.54100
1139.00000,-46.64115,-23.53824,AV RIO BRANCO,AV. RIO BRANCO (REPUBLICA),R DOS GUSMOES - BAIRRO/CENTRO,2019/12/23,12.00000,14:23:00,15:17:00,00:54:00,0.90000,3809,355030857A,-23.54100,-46.62900,Centro,2692,CEMADEN,Pluviométrica,3550308,SÃO PAULO,-46.62900,-23.54100
1140.00000,-46.64177,-23.53758,AV RIO BRANCO,AV. RIO BRANCO,R DOS GUSMOES - BAIRRO/CENTRO - ├ÜNICO,2019/12/23,12.00000,14:23:00,15:17:00,00:54:00,0.90000,3809,355030857A,-23.54100,-46.62900,Centro,2692,CEMADEN,Pluviométrica,3550308,SÃO PAULO,-46.62900,-23.54100
1161.00000,-46.62704,-23.54312,AV MERCURIO,AV. MERCURIO (SE),PC S VITO - BAIRRO/CENTRO,2019/12/23,12.00000,19:09:00,21:24:00,02:15:00,2.25000,3809,355030857A,-23.54100,-46.62900,Centro,2692,CEMADEN,Pluviométrica,3550308,SÃO PAULO,-46.62900,-23.54100
